date_id,n_trades,notional,gross_usd,cost_usd,pnl_usd,hit_rate,_pred_w,_real_w,cum_pnl_usd,drawdown_usd
181,23,27690.53408260842,6.3338081129798915,12.201584729637649,-5.867776616657757,0.43478260869565216,176709.1085442696,63338.081129798906,-5.867776616657757,-5.867776616657757
182,25,45714.008440235695,13.592045759448363,15.623626992281698,-2.031581232833336,0.52,237525.5569484688,135920.45759448363,-7.899357849491093,-7.899357849491093
183,24,18529.554871370234,9.291944542126599,7.476466406811972,1.8154781353146279,0.5416666666666666,98259.86743210629,92919.44542126599,-6.083879714176465,-6.083879714176465
184,17,78364.3107421159,109.40407255782544,19.714588645099855,89.68948391272559,0.5294117647058824,328303.3689553777,1094040.7255782546,83.60560419854913,0.0
185,13,19261.680656107033,13.512699304039602,7.402366537432713,6.110332766606889,0.6153846153846154,121049.08297027816,135126.99304039602,89.71593696515602,0.0
186,20,28212.342441020162,14.896477196793517,9.38202626180959,5.514450934983927,0.4,127279.88718366317,148964.77196793517,95.23038790013995,0.0
187,28,66774.52962996515,53.2806271700628,30.831062836313624,22.449564333749173,0.5357142857142857,397948.67476302036,532806.2717006279,117.67995223388911,0.0
188,26,55571.09331834086,13.051308673184558,20.058899439436363,-7.007590766251805,0.5,286403.56419448217,130513.0867318456,110.6723614676373,-7.007590766251809
189,16,34954.17763603862,22.567015641500735,9.405089083178973,13.16192655832176,0.5,123094.25248226902,225670.1564150073,123.83428802595907,0.0
190,43,118060.5915105101,133.14260012433067,53.429305818181355,79.7132943061493,0.6046511627906976,880197.3083182757,1331426.0012433066,203.54758233210836,0.0
191,27,34388.86424966633,88.46774084456483,9.368984114443673,79.09875673012115,0.48148148148148145,193576.12712526892,884677.4084456483,282.6463390622295,0.0
192,26,49496.01892036829,33.85554778668404,15.80905203016988,18.046495756514165,0.6153846153846154,228807.11155182897,338555.47786684043,300.6928348187437,0.0
193,49,76706.68633830783,30.310985436675303,28.697558970095603,1.6134264665797007,0.5306122448979592,395177.643518242,303109.854366753,302.3062612853234,0.0
194,42,81920.62987889694,117.10398543294787,32.346009327422095,84.75797610552578,0.5952380952380952,452069.5082827676,1171039.8543294787,387.06423739084914,0.0
195,22,79446.89544075503,145.36879450905954,35.54854769995307,109.82024680910646,0.5909090909090909,569117.4846510282,1453687.9450905952,496.88448419995564,0.0
196,42,110255.80235120848,43.44502713032668,42.52963338945575,0.9153937408709281,0.42857142857142855,692058.4348481784,434450.2713032668,497.79987794082655,0.0
197,17,102786.25557588045,55.03616285821538,25.842704619335837,29.193458238879543,0.5882352941176471,454474.3853160193,550361.6285821538,526.9933361797061,0.0
198,38,63390.85420506068,25.423515714113776,25.52312692192721,-0.09961120781343538,0.47368421052631576,358804.77835032187,254235.15714113775,526.8937249718928,-0.09961120781338195
199,31,32811.88695937174,-11.946367057032772,10.870468534082306,-22.81683559111508,0.4838709677419355,164984.44608304958,-119463.67057032773,504.0768893807777,-22.91644679892846
200,40,96162.93768466702,85.70987754869167,34.71125962043397,50.99861792825769,0.75,529695.1602433962,857098.7754869165,555.0755073090354,0.0
201,20,23135.598096527832,16.88494565637716,9.588038157528835,7.2969074988483245,0.65,128789.64980979537,168849.45656377162,562.3724148078837,0.0
202,37,81923.11501636228,26.349306864987952,37.51884946194414,-11.169542596956193,0.35135135135135137,518234.7507069045,263493.06864987954,551.2028722109276,-11.169542596956148
203,22,35228.07553445298,-0.8318098785200281,13.989009624695264,-14.820819503215295,0.3181818181818182,204631.330719515,-8318.098785200285,536.3820527077123,-25.99036210017141
204,28,39316.2724549646,13.550337172194412,15.466983720394893,-1.9166465482004809,0.5,215167.3601705785,135503.37172194413,534.4654061595119,-27.907008648371857
205,20,44894.77671834336,21.746785581010727,17.41063372514051,4.336151855870215,0.65,237710.833165365,217467.85581010726,538.801558015382,-23.570856792501672
206,30,49897.74591801157,17.68214947406067,15.116693711535028,2.5654557625256413,0.43333333333333335,225194.31937194217,176821.49474060666,541.3670137779077,-21.005401029976042
207,25,79245.15828151324,-86.26203797139317,25.76753129141211,-112.02956926280527,0.56,546907.7054688038,-862620.3797139316,429.33744451510245,-133.03497029278128
208,35,146675.08898103435,152.12512747609983,57.39870622242574,94.7264212536741,0.5714285714285714,819488.7891311754,1521251.2747609983,524.0638657687765,-38.30854903910722
209,31,22726.605959695873,19.773950340201715,9.098252128288495,10.67569821191322,0.45161290322580644,122279.70837393888,197739.50340201714,534.7395639806897,-27.632850827194034
210,25,38184.54589420301,13.43869503324808,16.697463158932152,-3.2587681256840693,0.56,220154.83598035914,134386.9503324808,531.4807958550057,-30.891618952878048
211,25,31827.766195871423,9.0621289849357,11.036569091944287,-1.974440107008587,0.48,150650.03711989516,90621.289849357,529.5063557479971,-32.86605905988665
212,19,36079.33547747067,42.35909979907271,12.416762878735529,29.94233692033718,0.631578947368421,186239.19396674167,423590.9979907271,559.4486926683343,-2.9237221395494544
213,17,20609.01390495854,9.594188366381836,8.274407005248133,1.3197813611337033,0.4117647058823529,113503.81808210626,95941.88366381834,560.7684740294679,-1.6039407784157902
214,17,30927.352399339725,5.0436813132870855,9.745672234011284,-4.701990920724199,0.4117647058823529,130089.14097957115,50436.81313287085,556.0664831087438,-6.305931699139933
215,19,22356.230177199952,-15.846405499999046,8.545354186875393,-24.391759686874437,0.42105263157894735,118199.3366306715,-158464.05499999045,531.6747234218693,-30.697691386014412
216,26,47197.76786358188,26.542176981871858,16.641676879067106,9.900500102804752,0.7692307692307693,240815.69160905894,265421.76981871855,541.575223524674,-20.797191283209713
217,31,87895.8921583374,12.023846204603094,29.467726841287003,-17.44388063668391,0.5483870967741935,404080.7954849433,120238.46204603095,524.1313428879901,-38.24107191989367
218,20,23946.611335152127,28.17824879989181,11.334853839354468,16.843394960537342,0.6,172752.30939158774,281782.4879989181,540.9747378485274,-21.397676959356318
219,17,17124.660912217954,15.133049387012166,6.1600487693909445,8.97300061762122,0.6470588235294118,84316.76798924056,151330.49387012166,549.9477384661486,-12.424676341735108
220,37,46156.16543141321,7.539849572715717,15.702561348030384,-8.162711775314667,0.6216216216216216,207041.40375326382,75398.49572715716,541.785026690834,-20.587388117049727
221,44,97677.41593034823,38.91716567276372,33.00459323462958,5.912572438134143,0.4772727272727273,466122.0874785492,389171.6567276372,547.6975991289681,-14.674815678915593
222,16,23462.42174481893,-3.963625600098735,9.685924953290407,-13.64955055338914,0.4375,121615.71805174171,-39636.25600098735,534.048048575579,-28.324366232304783
223,34,51445.200215546494,19.398262982282684,16.905304541989995,2.4929584402926888,0.4411764705882353,279310.0338928038,193982.62982282683,536.5410070158716,-25.8314077920121
224,33,30074.114690412243,26.025383075778514,9.937262788501776,16.088120287276737,0.6363636363636364,139189.73881143428,260253.83075778512,552.6291273031484,-9.743287504735349
225,42,139641.85995587174,140.11084267789818,54.737094425236,85.37374825266217,0.5952380952380952,769697.1230535881,1401108.4267789817,638.0028755558105,0.0
226,18,10170.959210278972,2.124338313424303,3.9443955876131,-1.8200572741887973,0.5,46838.58772647379,21243.383134243028,636.1828182816217,-1.8200572741887981
227,15,12690.182041731156,-2.450547863393406,5.010657408934299,-7.461205272327706,0.26666666666666666,63022.16005134071,-24505.478633934057,628.7216130092941,-9.281262546516473
228,27,26655.91407401168,15.876744968057135,7.361150109906822,8.515594858150314,0.48148148148148145,122108.74728510191,158767.44968057133,637.2372078674443,-0.765667688366193
229,27,41023.98340392017,38.67307858356039,15.87763693069596,22.79544165286443,0.5555555555555556,226158.57183313722,386730.7858356039,660.0326495203087,0.0
230,16,32971.02238522697,-12.84586745063813,13.097016906115783,-25.94288435675391,0.5,187079.7522658796,-128458.6745063813,634.0897651635548,-25.942884356753893
231,16,25499.87299066131,3.566662208975915,10.125795466814704,-6.559133257838789,0.1875,144831.1968808168,35666.62208975914,627.5306319057161,-32.50201761459266
232,22,38903.96224694419,4.39149035673307,17.49928418140361,-13.10779382467054,0.5,236634.41555327922,43914.90356733069,614.4228380810455,-45.60981143926324
233,12,4188.926432902178,1.67371247794301,1.9354320320511105,-0.2617195541081008,0.5,23882.447627877842,16737.1247794301,614.1611185269373,-45.87153099337138
234,23,37333.18564147464,95.42794267612693,16.504366892284086,78.92357578384286,0.5652173913043478,245583.79064862456,954279.4267612693,693.0846943107802,0.0
235,24,13999.410952166081,0.705492340560375,5.200791902906363,-4.495299562345988,0.4583333333333333,70156.39027819154,7054.923405603749,688.5893947484342,-4.495299562345963
236,25,19590.34759862138,10.15460792217674,7.8406429864462766,2.3139649357304637,0.48,99280.02177169564,101546.07922176739,690.9033596841647,-2.1813346266154667
237,16,13791.628388435627,10.650109870715267,4.598001326165821,6.052108544549447,0.6875,65627.19885117194,106501.09870715266,696.9554682287142,0.0
238,25,9365.915129367597,2.660800751275598,3.6476000894448855,-0.9867993381692877,0.4,48559.968018827676,26608.00751275598,695.9686688905449,-0.9867993381692486
239,30,59232.89354315182,-9.831992129919112,17.000796797275182,-26.832788927194294,0.4,251353.9441853983,-98319.92129919112,669.1358799633506,-27.819588265363564
240,18,18815.196603595272,5.701532990789719,7.740014252112075,-2.0384812613223557,0.6111111111111112,102254.80146089033,57015.32990789719,667.0973987020283,-29.85806952668588
241,22,21547.776758463468,14.242642955978717,9.911320333106609,4.331322622872106,0.5,112723.40873091514,142426.42955978715,671.4287213249004,-25.526746903813773
242,14,19226.223867372777,2.721331980216925,8.313808473927326,-5.5924764937104,0.42857142857142855,110555.43029267869,27213.319802169248,665.83624483119,-31.119223397524138
243,24,20065.75262772256,3.941630074289612,6.805652761582423,-2.8640226872928114,0.4166666666666667,99204.45005959176,39416.30074289612,662.9722221438972,-33.98324608481698
244,16,4565.693216384621,0.4079867054141533,1.660162233166686,-1.2521755277525328,0.5,19127.158021914554,4079.8670541415336,661.7200466161446,-35.23542161256955
245,19,30537.87388746725,15.66107607578772,9.951757913091562,5.7093181626961576,0.47368421052631576,133165.30247882087,156610.7607578772,667.4293647788407,-29.526103449873403
246,12,6608.9855094376335,1.9553659191281978,2.3238208210427396,-0.36845490191454155,0.5,35201.28209021276,19553.65919128198,667.0609098769262,-29.894558351787964
247,14,24560.348667200567,11.749909971468016,9.120780924052623,2.629129047415392,0.7142857142857143,118296.94050296742,117499.09971468014,669.6900389243416,-27.26542930437256
248,23,48285.24383971382,37.928851030483024,15.617101005589133,22.311750024893893,0.5652173913043478,220221.78963203408,379288.51030483027,692.0017889492354,-4.953679279478706
249,32,53309.40003353757,63.34985454747397,19.95310807514413,43.39674647232984,0.625,294915.75599121174,633498.5454747397,735.3985354215653,0.0
250,26,33804.90456247431,-11.14037224480963,11.941061299827725,-23.081433544637356,0.3076923076923077,186680.77209899633,-111403.72244809629,712.317101876928,-23.08143354463732
251,18,26560.158199273843,9.359872883109706,9.693201044495465,-0.33332816138575994,0.6111111111111112,139350.87251549182,93598.72883109705,711.9837737155422,-23.414761706023114
252,33,56374.000862173845,37.85239264460844,14.682023250968246,23.170369393640197,0.6666666666666666,235113.11550372228,378523.9264460844,735.1541431091823,-0.24439231238295633
253,18,32141.27308035208,17.236004885434443,13.679813239992306,3.5561916454421376,0.4444444444444444,198084.76489454735,172360.0488543444,738.7103347546245,0.0
254,19,36462.827174243976,6.5597396388445866,12.78036640122768,-6.220626762383093,0.47368421052631576,196214.8141025479,65597.39638844585,732.4897079922414,-6.220626762383063
255,16,23329.9711885898,15.246534366629769,9.147970554766934,6.098563811862837,0.375,129604.1949403127,152465.34366629767,738.5882718041042,-0.12206295052021687
256,25,22389.809844007385,11.990933378421442,13.381882914566248,-1.3909495361448059,0.56,181592.86390459043,119909.33378421442,737.1973222679594,-1.5130124866650476
257,19,19254.501484481345,3.685514795846647,7.525663463927653,-3.8401486680810057,0.3157894736842105,101976.80846713118,36855.14795846646,733.3571735998784,-5.35316115474609
258,13,25404.807588456915,15.21502099343272,10.850033501629763,4.364987491802958,0.5384615384615384,161247.23363374264,152150.2099343272,737.7221610916813,-0.9881736629431543
259,25,29179.357757732712,20.508070513047286,10.568241836319922,9.939828676727366,0.72,173003.70034616545,205080.70513047287,747.6619897684087,0.0
260,17,18956.313226268463,6.92844799416102,5.599185208945863,1.3292627852151573,0.5294117647058824,81730.45228976551,69284.4799416102,748.9912525536239,0.0
261,21,81667.52736374292,223.65599795877375,35.97425996497481,187.68173799379895,0.6190476190476191,609964.6951788691,2236559.9795877375,936.6729905474228,0.0
262,13,5639.009074433932,1.0388427821197577,1.7392879991766041,-0.7004452170568466,0.38461538461538464,24347.589583005545,10388.427821197574,935.972545330366,-0.7004452170568811
263,24,14383.066036878572,3.475596465521203,5.145743490044489,-1.6701470245232863,0.4583333333333333,64303.39746611822,34755.964655212025,934.3023983058426,-2.370592241580198
264,25,13212.149223682283,1.0195999243640619,4.128650181468595,-3.1090502571045335,0.52,52974.724272215295,10195.999243640616,931.1933480487381,-5.479642498684711
265,18,18764.736195829344,4.083277449600785,5.470103524535143,-1.3868260749343588,0.3888888888888889,76473.72317963082,40832.77449600784,929.8065219738038,-6.866468573619045
266,20,64373.10778982841,78.89010879334502,19.898277009150846,58.991831784194176,0.75,308376.9562406638,788901.0879334502,988.798353757998,0.0
267,13,14185.309329489117,-3.1739431553554347,4.278596921349282,-7.452540076704716,0.38461538461538464,58562.37187840553,-31739.431553554354,981.3458136812933,-7.452540076704736
268,19,13111.955977507234,5.693565235131999,4.537935119124059,1.1556301160079399,0.47368421052631576,56293.979849616786,56935.652351319986,982.5014437973012,-6.29690996069678
269,24,23131.683392544895,8.888929594631787,10.59037227525478,-1.701442680622994,0.5416666666666666,148931.44597692558,88889.29594631786,980.8000011166782,-7.998352641319798
270,12,6629.142032443513,4.96750991047818,2.072943773251356,2.894566137226823,0.5833333333333334,26263.110991716596,49675.099104781795,983.694567253905,-5.103786504093023
271,25,17737.811183607635,10.689533635655526,5.438463639003051,5.251069996652473,0.48,73502.66271065276,106895.33635655524,988.9456372505575,0.0
272,29,24344.591511038303,19.036047398425413,11.845126259568103,7.190921138857312,0.6551724137931034,150393.87661801637,190360.47398425412,996.1365583894149,0.0
273,28,58217.996075210234,59.483124690896226,16.205274577378987,43.27785011351724,0.42857142857142855,246843.16813743522,594831.2469089621,1039.414408502932,0.0
274,8,7026.304547886554,8.205287988641846,2.855340825868446,5.3499471627734,0.5,34219.872484640044,82052.87988641846,1044.7643556657054,0.0
275,18,14642.03613475571,7.287437952830816,4.644091813239156,2.6433461395916593,0.4444444444444444,57907.1212006227,72874.37952830816,1047.407701805297,0.0
276,10,9456.849547449858,-3.8503363282736176,3.3856187708969068,-7.235955099170525,0.3,40786.681121693386,-38503.36328273617,1040.1717467061264,-7.235955099170496
277,23,24793.350189522906,12.68522764267688,6.83337475130984,5.85185289136704,0.4782608695652174,94172.3168624193,126852.27642676879,1046.0235995974936,-1.3841022078033802
278,14,15613.89068307678,3.9721049302805422,6.943043028376703,-2.970938098096161,0.42857142857142855,87610.78297424561,39721.04930280542,1043.0526614993973,-4.355040305899593
279,17,29257.0434540352,-0.6336635429425714,8.631164361336806,-9.264827904279379,0.35294117647058826,118340.07414537255,-6336.635429425707,1033.787833595118,-13.619868210178993
280,25,39083.31987678497,20.521780947855977,13.286534440988998,7.23524650686698,0.28,187829.64913989627,205217.80947855976,1041.023080101985,-6.38462170331195
281,27,45912.77369710426,40.45030593044734,24.104995405049245,16.3453105253981,0.7037037037037037,300205.15933481266,404503.05930447346,1057.3683906273832,0.0
282,24,27723.05705047893,2.134248323972704,8.31480646478347,-6.180558140810767,0.6666666666666666,143898.93375190088,21342.483239727037,1051.1878324865725,-6.180558140810717
283,23,46860.0667917576,2.73242066718428,17.371978252019456,-14.639557584835176,0.6086956521739131,219387.65220769707,27324.2066718428,1036.5482749017374,-20.820115725645792
284,19,28161.979329185946,21.963191272297394,8.529885777927966,13.43330549436943,0.5263157894736842,118694.65798749261,219631.91272297394,1049.981580396107,-7.386810231276286
285,25,28865.156808723543,7.752801654067208,8.69043227121696,-0.9376306171497519,0.56,115701.29300364935,77528.01654067208,1049.043949778957,-8.324440848426093
286,9,15907.034805695446,28.717607134466277,6.925029610810237,21.79257752365604,0.6666666666666666,106035.33714551864,287176.07134466275,1070.8365273026131,0.0
287,33,31162.864212961853,3.3379433935126053,10.866362822754882,-7.528419429242276,0.45454545454545453,152246.43374352614,33379.43393512606,1063.3081078733708,-7.528419429242376
288,16,24921.91916921753,17.27840814137203,9.134476279775821,8.143931861596208,0.625,116431.16143360198,172784.08141372027,1071.452039734967,0.0
289,18,19158.3333430858,2.269898203893802,5.75254340311951,-3.4826451992257086,0.2777777777777778,82208.43358292563,22698.98203893802,1067.9693945357412,-3.4826451992257716
290,17,26926.659804607025,9.713221752386389,8.226436294223525,1.4867854581628637,0.47058823529411764,123811.56465212489,97132.21752386389,1069.456179993904,-1.9958597410629864
291,14,11988.98488064983,3.0087138575416468,4.493916769033168,-1.4852029114915215,0.42857142857142855,58315.14449130481,30087.138575416466,1067.9709770824124,-3.481062652554556
292,19,10704.066078615944,8.220103238663697,4.222462115088886,3.99764112357481,0.6842105263157895,57036.64841981563,82201.03238663696,1071.9686182059872,0.0
293,32,186296.0815435394,147.32552298487823,52.74057095026944,94.58495203460878,0.59375,1071322.06406092,1473255.2298487823,1166.553570240596,0.0
294,19,43697.982320603594,34.011531379233205,20.20524600914621,13.806285370086995,0.631578947368421,256194.9355066974,340115.313792332,1180.3598556106829,0.0
295,12,19867.07134386658,24.2110508646763,6.354857182126526,17.85619368254977,0.8333333333333334,107212.73734525543,242110.50864676296,1198.2160492932326,0.0
296,22,16722.929237637298,15.46272408586112,6.259889396483633,9.202834689377488,0.7727272727272727,82766.19095161362,154627.24085861119,1207.4188839826102,0.0
297,13,7772.781891637952,8.388168516108781,2.746245238770775,5.641923277338005,0.8461538461538461,36835.096162836824,83881.68516108781,1213.0608072599482,0.0
298,23,150493.57579145543,155.88049384289272,51.33262783691163,104.54786600598109,0.6521739130434783,847788.8655995172,1558804.9384289272,1317.6086732659294,0.0
299,18,43149.32318855314,14.674407942219826,14.239629344113961,0.43477859810586406,0.6111111111111112,204839.06845038466,146744.07942219824,1318.0434518640352,0.0
300,20,12435.30580252133,8.431027449876705,4.086261213906301,4.344766235970405,0.6,52120.45164684793,84310.27449876706,1322.3882181000056,0.0
301,16,17666.872691710665,13.682418169029303,6.693671298558323,6.98874687047098,0.6875,90648.42288670034,136824.18169029301,1329.3769649704766,0.0
302,10,6923.5573155636375,8.671613080099416,2.3929703004058394,6.278642779693575,0.6,31852.727126207097,86716.13080099414,1335.6556077501702,0.0
303,20,10274.09580390307,3.784229443782817,3.3453671345090528,0.4388623092737639,0.5,45713.92129788204,37842.29443782817,1336.0944700594441,0.0
304,18,33447.52451927109,3.8337449587762404,9.38341641330108,-5.549671454524839,0.5555555555555556,180182.01732262745,38337.44958776241,1330.5447986049194,-5.549671454524741
305,14,9390.116127787596,4.0954743533766615,3.076274050808594,1.0192003025680674,0.42857142857142855,38650.004170422864,40954.74353376661,1331.5639989074875,-4.53047115195659
306,14,5599.8783414482305,9.059200143398867,2.2251195538074477,6.834080589591419,0.7857142857142857,26022.031218263382,90592.00143398867,1338.398079497079,0.0
307,11,7327.584296117063,8.054635980667923,2.4021842719814592,5.652451708686464,0.5454545454545454,29068.155889942682,80546.35980667923,1344.0505312057653,0.0
308,10,10372.624360321304,4.216851297832733,4.002443811697376,0.21440748613535682,0.5,50961.32813176809,42168.51297832732,1344.2649386919006,0.0
309,8,13541.503525327891,26.155222027071083,8.337457287238193,17.817764739832892,0.875,114952.29011876888,261552.22027071085,1362.0827034317335,0.0
310,12,17618.229374872153,7.676148604497846,5.200998902249434,2.4751497022484124,0.5,61511.17913296491,76761.48604497846,1364.557853133982,0.0
311,15,14327.866743738556,5.329219315142862,5.902902237688155,-0.5736829225452925,0.6,80677.12013705244,53292.19315142862,1363.9841702114368,-0.5736829225452311
312,29,76375.6438220398,133.32721252385278,31.539141100476776,101.788071423376,0.6896551724137931,407746.0217370166,1333272.1252385278,1465.7722416348129,0.0
313,14,52592.284409600456,28.116710922040127,13.93776256494975,14.178948357090377,0.2857142857142857,193087.0567614557,281167.10922040127,1479.9511899919032,0.0
314,20,22601.243519071362,12.853503000185377,10.149034580494291,2.7044684196910844,0.7,144246.82883255658,128535.03000185375,1482.6556584115942,0.0
315,12,17096.67579686339,13.28712768722642,5.748798091506465,7.538329595719954,0.5833333333333334,99840.39997408008,132871.2768722642,1490.1939880073141,0.0
316,17,6477.510638105415,2.4551176750285846,2.391985632371335,0.06313204265724999,0.7647058823529411,36374.85991489136,24551.176750285846,1490.2571200499715,0.0
317,20,24260.534286471742,18.612408366793694,9.921520695964487,8.690887670829207,0.5,162300.10731061755,186124.08366793697,1498.9480077208007,0.0
318,20,20605.827093308217,-0.021652683333098402,6.771651171624592,-6.79330385495769,0.6,95580.22283919147,-216.5268333309873,1492.154703865843,-6.793303854957685
319,22,18684.5468847628,4.958708896439998,6.657362760523007,-1.6986538640830098,0.45454545454545453,87054.69930919478,49587.088964399976,1490.4560500017599,-8.491957719040784
320,14,14812.880779372095,8.701977410576866,5.435086323883249,3.266891086693617,0.6428571428571429,70729.1934653163,87019.77410576865,1493.7229410884536,-5.22506663234708
321,12,29085.42151046274,18.967704582238486,7.553053449924833,11.414651132313653,0.5833333333333334,106040.75970952012,189677.04582238483,1505.1375922207671,0.0
322,31,62902.63816426946,11.241392342689563,19.592169139045765,-8.350776796356202,0.3870967741935484,335871.005255514,112413.92342689562,1496.7868154244109,-8.350776796356286
323,8,10809.678580038582,5.85819263460412,3.8814423132287508,1.976750321375369,0.5,62938.12782671787,58581.9263460412,1498.7635657457863,-6.3740264749808375
324,27,27061.6828551059,11.100666812276192,9.53168804465147,1.568978767624723,0.37037037037037035,139545.0289834533,111006.66812276191,1500.332544513411,-4.805047707356152
325,19,13656.398011891959,1.2404831924652544,5.432285514439528,-4.191802321974274,0.5263157894736842,69807.81631246129,12404.83192465254,1496.1407421914366,-8.996850029330517
326,34,29257.07434623297,28.818376538097628,11.442696286089259,17.37568025200837,0.5882352941176471,161450.5917825413,288183.76538097626,1513.516422443445,0.0
327,21,26255.6182256475,11.80618999833964,9.81457501859066,1.9916149797489808,0.5238095238095238,131344.29466796792,118061.89998339639,1515.5080374231939,0.0
328,23,15393.771378994956,1.6366000404535612,5.756343943965311,-4.11974390351175,0.30434782608695654,73784.01545738266,16366.00040453561,1511.388293519682,-4.1197439035117895
329,13,5123.158106726258,0.9041154531295506,2.870954137927817,-1.9668386847982664,0.5384615384615384,40122.740301738166,9041.154531295506,1509.421454834884,-6.086582588309966
330,12,8422.227286374238,9.491994161664445,3.0516492388318737,6.440344922832573,0.4166666666666667,42311.65382586732,94919.94161664444,1515.8617997577164,0.0
331,15,15366.446335596976,17.66385770113081,5.169040236462667,12.49481746466814,0.5333333333333333,74289.393533686,176638.57701130805,1528.3566172223846,0.0
332,18,13973.103097026597,2.6959268440306277,4.558902784281897,-1.8629759402512693,0.4444444444444444,71200.16582423337,26959.268440306278,1526.4936412821332,-1.8629759402513173
333,10,8006.427339337839,1.7981444809942184,3.158806129830575,-1.3606616488363563,0.5,40934.018056717214,17981.444809942182,1525.1329796332968,-3.22363758908773
334,34,29922.6319684,22.552482926363727,16.231802235024826,6.320680691338899,0.6176470588235294,230902.7680769459,225524.82926363725,1531.4536603246356,0.0
335,25,52149.16277619892,49.61272189618228,24.515278960528804,25.09744293565348,0.56,334053.12374642433,496127.21896182286,1556.5511032602892,0.0
336,22,97965.01639738318,4.528131810126745,26.097496240456138,-21.569364430329394,0.36363636363636365,443816.8752520205,45281.31810126745,1534.9817388299598,-21.569364430329415
337,26,24517.59064105191,13.190217321331685,8.606104772849816,4.584112548481868,0.4230769230769231,111718.87064222706,131902.17321331686,1539.5658513784417,-16.98525188184749
338,7,3378.1264207037493,0.2010305905779084,1.0785820240618087,-0.8775514334839003,0.14285714285714285,15011.693524939095,2010.3059057790845,1538.6882999449579,-17.862803315331348
339,10,20470.591437416428,24.487117665314212,8.163621420141048,16.323496245173164,0.6,112710.25641625134,244871.1766531421,1555.011796190131,-1.539307070158202
340,12,7478.591819053749,1.202173844412429,2.999927086206646,-1.797753241794217,0.4166666666666667,35087.786978871,12021.73844412429,1553.2140429483368,-3.3370603119524276
341,11,6482.6159113648155,2.666279952079348,1.9932497668078961,0.6730301852714522,0.7272727272727273,23159.525215275244,26662.79952079348,1553.8870731336083,-2.6640301266809274
342,14,36184.70458461926,-10.617941235648265,9.197037366779544,-19.81497860242781,0.5714285714285714,194736.53776180066,-106179.41235648264,1534.0720945311805,-22.479008729108727
343,31,64168.44682983153,53.01796536414419,16.641269437736476,36.37669592640771,0.4838709677419355,305388.1340517735,530179.653641442,1570.4487904575883,0.0
344,24,29305.975827469654,10.689736877827785,12.626984429466019,-1.937247551638233,0.5833333333333334,163778.57574980214,106897.36877827786,1568.5115429059501,-1.9372475516381655
345,27,15464.005360264475,9.098367970355442,6.9906194999635,2.1077484703919427,0.3333333333333333,85014.24777239763,90983.67970355442,1570.619291376342,0.0
346,25,24416.946190120318,24.152423346171012,8.89189855195695,15.260524794214062,0.68,120235.58133921954,241524.23346171013,1585.879816170556,0.0
347,23,20290.75719923572,6.957196518017685,6.115440327031966,0.8417561909857181,0.4782608695652174,83233.57965343483,69571.96518017683,1586.7215723615418,0.0
348,21,18329.648188267776,4.811845736529852,5.415201278219834,-0.6033555416899814,0.42857142857142855,80796.71657706134,48118.45736529852,1586.1182168198518,-0.6033555416900072
349,14,8061.454869983656,4.203410733544686,3.8742508777873854,0.329159855757301,0.5,44479.86785446896,42034.10733544687,1586.4473766756091,-0.27419568593268195
350,23,27255.411441540346,22.824462320558265,8.477066123938448,14.347396196619819,0.5217391304347826,113316.23220093708,228244.62320558264,1600.794772872229,0.0
351,10,109625.24160716709,64.17464452748261,26.608828036382807,37.56581649109982,0.6,508798.4921240139,641746.4452748263,1638.360589363329,0.0
352,11,107479.66656117394,115.38778953063414,38.0952092348288,77.29258029580537,0.5454545454545454,733222.5031813543,1153877.8953063416,1715.6531696591344,0.0
353,7,3933.496530870455,-0.9398532986377672,1.7991664828835532,-2.7390197815213204,0.5714285714285714,22020.982025102512,-9398.532986377673,1712.914149877613,-2.7390197815213924
354,11,5366.23751995625,1.9565407147227116,1.441550572562335,0.5149901421603764,0.5454545454545454,18753.498400067416,19565.407147227113,1713.4291400197733,-2.224029639361106
355,13,10585.076836149608,5.540954160634398,3.6597947058671823,1.8811594547672166,0.46153846153846156,48428.59046397901,55409.541606343984,1715.3102994745404,-0.3428701845939486
356,25,41720.0768234454,11.423615674720487,11.70629655606939,-0.2826808813489027,0.6,154234.21420696127,114236.15674720488,1715.0276185931916,-0.6255510659427728
357,13,46081.40349695231,3.8918732202685447,18.5695586454859,-14.677685425217351,0.46153846153846156,281304.64961531345,38918.73220268545,1700.3499331679743,-15.303236491160078
358,15,9810.55771103821,4.272117676223071,3.6863695275210953,0.5857481487019764,0.4666666666666667,49628.52283979432,42721.1767622307,1700.9356813166762,-14.717488342458182
359,18,34159.52048919503,14.271681714071718,11.760618838102138,2.5110628759695803,0.5,160398.3271449794,142716.81714071718,1703.4467441926458,-12.206425466488554
360,24,21553.255437017353,17.59125372072732,8.013062701664825,9.578191019062496,0.625,101478.20864191913,175912.5372072732,1713.0249352117082,-2.6282344474261663
361,26,24351.582069803353,7.603744661343642,9.609430955339826,-2.0056862939961846,0.5769230769230769,127746.90865142908,76037.44661343642,1711.019248917712,-4.633920741422344
362,29,64392.4778700188,44.37453492417111,21.930704549641835,22.44383037452927,0.5517241379310345,350566.5113143648,443745.349241711,1733.4630792922412,0.0
363,15,11845.89444012011,3.6150764701341522,4.87481258204983,-1.2597361119156778,0.3333333333333333,61298.852147464815,36150.76470134152,1732.2033431803256,-1.259736111915572
364,32,84429.33944886761,13.66124559449286,29.101504126787205,-15.440258532294346,0.34375,402568.66949755064,136612.45594492857,1716.7630846480313,-16.699994644209937
365,50,60957.86537414182,12.012400697824626,21.57933711530804,-9.566936417483413,0.44,327403.1958062897,120124.00697824627,1707.1961482305478,-26.266931061693413
366,29,23811.512833598797,7.241474227844297,7.781592871419754,-0.5401186435754568,0.3793103448275862,119170.95391212145,72414.74227844297,1706.6560295869724,-26.80704970526881
367,26,25313.125828615055,-1.5833633082339584,7.597867211747769,-9.181230519981726,0.23076923076923078,114521.6790368529,-15833.633082339575,1697.4747990669907,-35.98828022525049
368,15,9990.082119239103,10.577047165600439,3.3200198632913085,7.257027302309129,0.6,49839.375008876705,105770.47165600436,1704.7318263692998,-28.731252922941394
369,25,29234.39018555248,11.87699539288033,10.595497911317118,1.2814974815632116,0.64,152529.72876972778,118769.9539288033,1706.0133238508631,-27.4497554413781
370,20,34839.05056993625,3.4060202968065383,10.577826149293621,-7.171805852487084,0.55,144247.4333774058,34060.20296806538,1698.841517998376,-34.62156129386517
371,24,16584.305950552753,7.969523191825922,5.888784601473224,2.080738590352698,0.4583333333333333,78510.73285350221,79695.23191825922,1700.9222565887287,-32.540822703512504
372,15,25071.82920810968,-0.5562753244821151,6.821399517984289,-7.377674842466403,0.4,109376.96194667282,-5562.75324482115,1693.5445817462623,-39.91849754597888
373,16,19543.878644523928,7.431078703454048,6.588063780033222,0.8430149234208263,0.5625,89698.95673328654,74310.7870345405,1694.3875966696833,-39.075482622557956
374,25,38911.36826821448,3.190334157332652,12.663765972597993,-9.473431815265343,0.48,161512.7622916281,31903.34157332653,1684.914164854418,-48.548914437823214
375,36,39329.67199723294,19.04005527367674,11.622284856407362,7.417770417269378,0.5,159389.93710799966,190400.5527367674,1692.3319352716874,-41.13114402055385
376,28,45035.84334547375,29.394237126404448,14.177539060426096,15.216698065978354,0.4642857142857143,235039.0076542802,293942.3712640445,1707.5486333376657,-25.914445954575513
377,38,69910.99246507503,38.82745515094229,24.958474260654825,13.868980890287466,0.5263157894736842,348478.33119295276,388274.5515094229,1721.4176142279532,-12.04546506428801
378,23,44883.36495936993,41.76842388843808,13.338632424706194,28.42979146373189,0.34782608695652173,180561.11508302722,417684.2388843807,1749.847405691685,0.0
379,16,32931.31879704607,-7.241251053061066,10.657147997894239,-17.898399050955305,0.4375,154539.63424569523,-72412.51053061066,1731.9490066407297,-17.898399050955277
380,28,69664.90404807616,63.79591812632256,21.451750433525532,42.34416769279702,0.5714285714285714,311703.51160158095,637959.1812632255,1774.2931743335268,0.0
381,28,50999.2704824552,-7.144099283948844,15.012153756447729,-22.15625304039657,0.2857142857142857,201379.67636468366,-71440.99283948842,1752.1369212931302,-22.156253040396678
382,26,55868.09287040308,13.566951707648004,19.89871988902027,-6.331768181372265,0.34615384615384615,296410.9069931869,135669.51707648003,1745.8051531117578,-28.48802122176903
383,13,18295.12197229733,-3.3694791104917243,10.714215703929984,-14.083694814421708,0.3076923076923077,133999.5370133637,-33694.79110491724,1731.721458297336,-42.571716036190764
384,22,74255.79666770276,83.41487685890324,23.555435085714304,59.859441773188934,0.5454545454545454,355899.9771029394,834148.7685890323,1791.580900070525,0.0
385,20,31713.760130664945,8.738265880891403,12.31671463000403,-3.5784487491126273,0.55,170695.36578634163,87382.65880891403,1788.0024513214125,-3.5784487491125674
386,27,41087.89955731969,39.37888758025731,14.240011447382951,25.13887613287436,0.7407407407407407,183326.53941795806,393788.8758025731,1813.141327454287,0.0
387,35,71725.29066919159,7.527651280707725,20.08488410535932,-12.557232824651598,0.6,297277.6407698156,75276.51280707719,1800.5840946296353,-12.557232824651692
388,22,35377.74488664977,63.9843248831053,23.131819868585662,40.85250501451965,0.45454545454545453,300391.02259435225,639843.2488310529,1841.436599644155,0.0
389,31,39851.159179490045,12.91841446166524,14.84657617665945,-1.928161714994211,0.3548387096774194,206098.60497157543,129184.1446166524,1839.5084379291607,-1.928161714994303
390,24,52100.38114109968,-8.27995482534442,17.85393846984051,-26.13389329518493,0.5833333333333334,264378.633888603,-82799.54825344417,1813.3745446339758,-28.062055010179165
391,24,26905.493643032063,17.268749841342782,8.728919812839566,8.539830028503216,0.5,134261.54768771736,172687.4984134278,1821.914374662479,-19.52222498167589
392,33,45690.19084179829,29.356408408226592,14.582091910606072,14.77431649762052,0.42424242424242425,215390.10061236794,293564.0840822659,1836.6886911600996,-4.747908484055415
393,33,51063.80340375583,29.43927790008162,19.484073606785127,9.955204293296495,0.45454545454545453,294934.2100496073,294392.77900081617,1846.643895453396,0.0
394,27,49336.83799651984,39.81070687819415,16.927472972876018,22.883233905318136,0.6666666666666666,273978.60423892515,398107.0687819415,1869.527129358714,0.0
395,22,50389.89058025126,19.67519079518961,14.43868402838523,5.236506766804381,0.5909090909090909,252599.50158855208,196751.9079518961,1874.7636361255184,0.0
396,33,41281.97505544516,12.979526746554624,13.432550732222362,-0.4530239856677365,0.48484848484848486,172671.37740875277,129795.26746554625,1874.3106121398507,-0.4530239856676417
397,15,15164.404185839458,1.5807710133012502,5.698870587109846,-4.118099573808596,0.4,73950.86497161807,15807.7101330125,1870.192512566042,-4.571123559476291
398,30,58948.54492120243,6.622625059066465,19.718697009750997,-13.096071950684532,0.4666666666666667,270174.93798194156,66226.25059066463,1857.0964406153576,-17.66719551016081
399,24,101104.71391927819,30.289469176672494,26.293455641021797,3.996013535650695,0.5416666666666666,394055.28971784643,302894.6917667249,1861.0924541510083,-13.671181974510091
400,8,31445.211461755665,25.923415049926632,9.045083639729073,16.87833141019756,0.625,170655.0418015488,259234.15049926634,1877.9707855612057,0.0
401,17,10295.274755182258,9.242455061073866,3.0640929253754776,6.178362135698387,0.6470588235294118,43530.201530302125,92424.55061073863,1884.149147696904,0.0
402,27,20865.630902644978,27.31833256713387,9.138580052405374,18.1797525147285,0.4444444444444444,111039.94866453626,273183.32567133865,1902.3289002116326,0.0
403,17,62713.732653205036,59.90285691844599,15.431412687913362,44.471444230532626,0.6470588235294118,271641.7089554577,599028.5691844599,1946.8003444421652,0.0
404,29,53240.090050645624,-30.127830122211837,19.845150405312754,-49.9729805275246,0.4482758620689655,292368.36374220625,-301278.3012221184,1896.8273639146405,-49.97298052752467
405,21,43384.16496281288,41.85908970695802,18.905913990190744,22.95317571676727,0.8571428571428571,237499.75685885432,418590.8970695801,1919.7805396314077,-27.019804810757478
406,29,36043.120024578704,13.34440483470883,12.545819591291263,0.7985852434175675,0.5517241379310345,167780.4193457582,133444.0483470883,1920.5791248748253,-26.22121956733986
407,39,125705.52481562368,137.87914405984037,54.50886388997796,83.37028016986243,0.5897435897435898,774903.7108155425,1378791.4405984038,2003.9494050446876,0.0
408,40,129261.5567169085,1.0691548822845314,35.94261239904177,-34.87345751675724,0.325,537575.0956920815,10691.548822845307,1969.0759475279303,-34.8734575167573
409,36,70214.4391077376,48.76337964029329,21.244065734096505,27.519313906196782,0.5833333333333334,309543.76925632876,487633.7964029329,1996.5952614341272,-7.354143610560413
410,22,19347.3554923268,-7.221945987884925,6.118743879675094,-13.340689867560018,0.3181818181818182,85328.53511234518,-72219.45987884924,1983.2545715665672,-20.694833478120472
411,18,21520.322647788056,8.056587464034044,7.090903826979688,0.9656836370543558,0.6666666666666666,92317.23241335474,80565.87464034044,1984.2202552036215,-19.729149841066146
412,21,44150.28324615905,29.8084292984541,12.68990967199685,17.11851962645725,0.42857142857142855,189733.09075846415,298084.292984541,2001.3387748300788,-2.6106302146088183
413,32,15379.080668545841,-0.4006171517814292,5.194440751189623,-5.595057902971051,0.375,70686.03850540193,-4006.1715178142913,1995.7437169271077,-8.205688117579939
414,24,25572.774331958088,21.23871184577438,8.114786285470466,13.123925560303913,0.375,123554.08259323069,212387.11845774378,2008.8676424874116,0.0
415,36,78134.03069053667,59.458240913975644,26.10706760564622,33.35117330832943,0.6944444444444444,378973.71635030914,594582.4091397565,2042.218815795741,0.0
416,24,45041.17771456632,19.11791541292088,11.095271364374248,8.02264404854663,0.5833333333333334,203827.29138527112,191179.15412920876,2050.2414598442874,0.0
417,26,36175.721006324704,10.160434745709289,13.498592443258433,-3.3381576975491436,0.6153846153846154,193247.27698233264,101604.34745709288,2046.9033021467383,-3.33815769754915
418,24,67802.64996380101,6.512282699516973,18.639872149534487,-12.127589450017512,0.5,264902.3324517363,65122.82699516973,2034.7757126967208,-15.465747147566617
419,26,56366.606595597215,35.08950864596661,18.24290927271121,16.846599373255405,0.5769230769230769,245934.14260209366,350895.08645966614,2051.622312069976,0.0
420,27,87457.02491770744,15.909600746266005,26.130168801004675,-10.22056805473867,0.48148148148148145,390430.0774541468,159096.00746266005,2041.4017440152375,-10.220568054738578
